facilityID,siteID,name,sampleDate,projectCode,cas_rn,analyte,fraction,relDepth,result,unit,detect,detectLimit,quantFlag,quantLimit,method,colMethod,resultType,matrix,medium,qualFlag,remark,county,huc8,type,aquifer,latitude,longitude
6,21510001,Fairfield Waterworks Park Beach,07/26/2004 10:40:00,BEACHCCO,68583-22-2,Escherichia coli,Total,,10,MPN/100ml,False,10,,,1603,BEA002,Actual,SW,Water,,,Jefferson,07080107,Lake,,41.019452,-91.955309
6,21510001,Fairfield Waterworks Park Beach,08/09/2004 09:20:00,BEACHCCO,68583-22-2,Escherichia coli,Total,,36,MPN/100ml,True,10,,,1603,BEA002,Actual,SW,Water,,,Jefferson,07080107,Lake,,41.019452,-91.955309
6,21510001,Fairfield Waterworks Park Beach,08/26/2004 10:45:00,BEACHCCO,68583-22-2,Escherichia coli,Total,,10,MPN/100ml,True,10,,,1603,BEA002,Actual,SW,Water,,,Jefferson,07080107,Lake,,41.019452,-91.955309
6,21510001,Fairfield Waterworks Park Beach,09/12/2005 08:30:00,BEACHCCO,68583-22-2,Escherichia coli,Total,,10,MPN/100ml,False,10,,,1603,BEA002,Actual,SW,Water,,,Jefferson,07080107,Lake,,41.019452,-91.955309
6,21510001,Fairfield Waterworks Park Beach,07/10/2006 08:30:00,BEACHCCO,68583-22-2,Escherichia coli,Total,,10,MPN/100ml,False,10,,,1603,BEA002,Actual,SW,Water,,,Jefferson,07080107,Lake,,41.019452,-91.955309
6,21510001,Fairfield Waterworks Park Beach,07/31/2006 09:30:00,BEACHCCO,68583-22-2,Escherichia coli,Total,,10,MPN/100ml,True,10,,,1603,BEA002,Actual,SW,Water,,,Jefferson,07080107,Lake,,41.019452,-91.955309
6,21510001,Fairfield Waterworks Park Beach,08/14/2006 09:00:00,BEACHCCO,68583-22-2,Escherichia coli,Total,,10,MPN/100ml,False,10,,,1603,BEA002,Actual,SW,Water,,,Jefferson,07080107,Lake,,41.019452,-91.955309
6,21510001,Fairfield Waterworks Park Beach,09/11/2006 10:00:00,BEACHCCO,68583-22-2,Escherichia coli,Total,,10,MPN/100ml,False,10,,,1603,BEA002,Actual,SW,Water,,,Jefferson,07080107,Lake,,41.019452,-91.955309
6,21510001,Fairfield Waterworks Park Beach,05/26/2005 10:00:00,BEACHCCO,68583-22-2,Escherichia coli,Total,,10,MPN/100ml,False,10,,,1603,BEA002,Actual,SW,Water,,,Jefferson,07080107,Lake,,41.019452,-91.955309
6,21510001,Fairfield Waterworks Park Beach,06/06/2005 10:00:00,BEACHCCO,68583-22-2,Escherichia coli,Total,,30,MPN/100ml,True,10,,,1603,BEA002,Actual,SW,Water,,,Jefferson,07080107,Lake,,41.019452,-91.955309
6,21510001,Fairfield Waterworks Park Beach,06/20/2005 09:30:00,BEACHCCO,68583-22-2,Escherichia coli,Total,,100,MPN/100ml,True,10,,,1603,BEA002,Actual,SW,Water,,,Jefferson,07080107,Lake,,41.019452,-91.955309
6,21510001,Fairfield Waterworks Park Beach,08/03/2005 14:00:00,BEACHCCO,68583-22-2,Escherichia coli,Total,,10,MPN/100ml,False,10,,,1603,BEA002,Actual,SW,Water,,,Jefferson,07080107,Lake,,41.019452,-91.955309
6,21510001,Fairfield Waterworks Park Beach,08/10/2005 13:45:00,BEACHCCO,68583-22-2,Escherichia coli,Total,,10,MPN/100ml,True,10,,,1603,BEA002,Actual,SW,Water,,,Jefferson,07080107,Lake,,41.019452,-91.955309
6,21510001,Fairfield Waterworks Park Beach,08/29/2005 08:45:00,BEACHCCO,68583-22-2,Escherichia coli,Total,,10,MPN/100ml,False,10,,,1603,BEA002,Actual,SW,Water,,,Jefferson,07080107,Lake,,41.019452,-91.955309
6,21510001,Fairfield Waterworks Park Beach,07/09/2007 08:30:00,BEACHCCO,68583-22-2,Escherichia coli,Total,,10,MPN/100ml,False,10,,,1603,BEA002,Actual,SW,Water,,,Jefferson,07080107,Lake,,41.019452,-91.955309
6,21510001,Fairfield Waterworks Park Beach,07/16/2007 09:00:00,BEACHCCO,68583-22-2,Escherichia coli,Total,,10,MPN/100ml,False,10,,,1603,BEA002,Actual,SW,Water,,,Jefferson,07080107,Lake,,41.019452,-91.955309
6,21510001,Fairfield Waterworks Park Beach,07/30/2007 10:00:00,BEACHCCO,68583-22-2,Escherichia coli,Total,,10,MPN/100ml,False,10,,,1603,BEA002,Actual,SW,Water,,,Jefferson,07080107,Lake,,41.019452,-91.955309
6,21510001,Fairfield Waterworks Park Beach,08/20/2007 11:00:00,BEACHCCO,68583-22-2,Escherichia coli,Total,,10,MPN/100ml,True,10,,,1603,BEA002,Actual,SW,Water,,,Jefferson,07080107,Lake,,41.019452,-91.955309
6,21510001,Fairfield Waterworks Park Beach,08/27/2007 08:30:00,BEACHCCO,68583-22-2,Escherichia coli,Total,,10,MPN/100ml,False,10,,,1603,BEA002,Actual,SW,Water,,,Jefferson,07080107,Lake,,41.019452,-91.955309
6,21510001,Fairfield Waterworks Park Beach,05/27/2008 10:30:00,BEACHCCO,68583-22-2,Escherichia coli,Total,,63,MPN/100ml,True,10,,,9223-B,BEA002,Actual,SW,Water,,,Jefferson,07080107,Lake,,41.019452,-91.955309
6,21510001,Fairfield Waterworks Park Beach,06/02/2008 08:30:00,BEACHCCO,68583-22-2,Escherichia coli,Total,,10,MPN/100ml,False,10,,,9223-B,BEA002,Actual,SW,Water,,,Jefferson,07080107,Lake,,41.019452,-91.955309
6,21510001,Fairfield Waterworks Park Beach,06/09/2008 10:00:00,BEACHCCO,68583-22-2,Escherichia coli,Total,,20,MPN/100ml,True,10,,,9223-B,BEA002,Actual,SW,Water,,,Jefferson,07080107,Lake,,41.019452,-91.955309
6,21510001,Fairfield Waterworks Park Beach,06/17/2008 09:00:00,BEACHCCO,68583-22-2,Escherichia coli,Total,,41,MPN/100ml,True,10,,,9223-B,BEA002,Actual,SW,Water,,,Jefferson,07080107,Lake,,41.019452,-91.955309
6,21510001,Fairfield Waterworks Park Beach,06/30/2008 08:30:00,BEACHCCO,68583-22-2,Escherichia coli,Total,,10,MPN/100ml,False,10,,,9223-B,BEA002,Actual,SW,Water,,,Jefferson,07080107,Lake,,41.019452,-91.955309
6,21510001,Fairfield Waterworks Park Beach,07/07/2008 09:00:00,BEACHCCO,68583-22-2,Escherichia coli,Total,,10,MPN/100ml,True,10,,,9223-B,BEA002,Actual,SW,Water,,,Jefferson,07080107,Lake,,41.019452,-91.955309
6,21510001,Fairfield Waterworks Park Beach,07/14/2008 09:00:00,BEACHCCO,68583-22-2,Escherichia coli,Total,,10,MPN/100ml,False,10,,,9223-B,BEA002,Actual,SW,Water,,,Jefferson,07080107,Lake,,41.019452,-91.955309
6,21510001,Fairfield Waterworks Park Beach,07/28/2008 08:30:00,BEACHCCO,68583-22-2,Escherichia coli,Total,,30,MPN/100ml,True,10,,,9223-B,BEA002,Actual,SW,Water,,,Jefferson,07080107,Lake,,41.019452,-91.955309
6,21510001,Fairfield Waterworks Park Beach,08/18/2008 08:30:00,BEACHCCO,68583-22-2,Escherichia coli,Total,,10,MPN/100ml,False,10,,,9223-B,BEA002,Actual,SW,Water,,,Jefferson,07080107,Lake,,41.019452,-91.955309
6,21510001,Fairfield Waterworks Park Beach,07/14/2009 08:00:00,BEACHCCO,68583-22-2,Escherichia coli,Total,,10,MPN/100ml,True,10,,,9223-B,BEA002,Actual,SW,Water,,,Jefferson,07080107,Lake,,41.019452,-91.955309
6,21510001,Fairfield Waterworks Park Beach,07/27/2009 11:30:00,BEACHCCO,68583-22-2,Escherichia coli,Total,,10,MPN/100ml,False,10,,,9223-B,BEA002,Actual,SW,Water,,,Jefferson,07080107,Lake,,41.019452,-91.955309
6,21510001,Fairfield Waterworks Park Beach,08/17/2009 09:00:00,BEACHCCO,68583-22-2,Escherichia coli,Total,,10,MPN/100ml,False,10,,,9223-B,BEA002,Actual,SW,Water,,,Jefferson,07080107,Lake,,41.019452,-91.955309
6,16510001,Cedar Creek - Stockport # 176,07/27/2005 13:00:00,REMAP,14265-44-2,Orthophosphate (as P),Dissolved,,0.54,mg/l,True,0.02,,,365.1,UHL001,Actual,SW,Water,,,Jefferson,07080107,River/Stream,,40.9103,-91.820715
6,16510001,Cedar Creek - Stockport # 176,07/27/2005 13:00:00,REMAP,TSS,Total suspended solids,NonFilt,,70,mg/l,True,1,,,I3765,UHL001,Actual,SW,Water,,,Jefferson,07080107,River/Stream,,40.9103,-91.820715
6,16510001,Cedar Creek - Stockport # 176,07/27/2005 13:00:00,REMAP,TURB,Turbidity,Total,,44,NTU,True,1,,,180.1,UHL001,Actual,SW,Water,,,Jefferson,07080107,River/Stream,,40.9103,-91.820715
6,16510001,Cedar Creek - Stockport # 176,07/27/2005 13:00:00,REMAP,7631-86-9,Silica,Dissolved,,12,mg/l,True,1,,,370.1,UHL001,Actual,SW,Water,,,Jefferson,07080107,River/Stream,,40.9103,-91.820715
6,16510001,Cedar Creek - Stockport # 176,07/27/2005 13:00:00,REMAP,TVSS,Volatile Suspended Solids,NonFilt,,14,mg/l,True,1,,,160.4,UHL001,Actual,SW,Water,,,Jefferson,07080107,River/Stream,,40.9103,-91.820715
6,16510001,Cedar Creek - Stockport # 176,07/27/2005 13:00:00,REMAP,CLR-A-FREE,"Chlorophyll a, free of pheophytin",NonFilt,,41,ug/l,True,1,,,445,UHL001,Actual,SW,Water,,,Jefferson,07080107,River/Stream,,40.9103,-91.820715
6,16510001,Cedar Creek - Stockport # 176,07/27/2005 13:00:00,REMAP,NIT-NO3-NO2,Inorganic nitrogen (nitrate and nitrite) (as N),Total,,2.5,mg/l,True,0.05,,,353.2,UHL001,Actual,SW,Water,,,Jefferson,07080107,River/Stream,,40.9103,-91.820715
6,21510001,Fairfield Waterworks Park Beach,06/01/2010 07:00:00,BEACHCCO,68583-22-2,Escherichia coli,Total,,10,MPN/100ml,False,10,,,9223-B,BEA002,Actual,SW,Water,,,Jefferson,07080107,Lake,,41.019452,-91.955309
6,21510001,Fairfield Waterworks Park Beach,06/07/2010 07:00:00,BEACHCCO,68583-22-2,Escherichia coli,Total,,31,MPN/100ml,True,10,,,9223-B,BEA002,Actual,SW,Water,,,Jefferson,07080107,Lake,,41.019452,-91.955309
6,21510001,Fairfield Waterworks Park Beach,06/21/2010 09:00:00,BEACHCCO,68583-22-2,Escherichia coli,Total,,10,MPN/100ml,True,10,,,9223-B,BEA002,Actual,SW,Water,,,Jefferson,07080107,Lake,,41.019452,-91.955309
6,21510001,Fairfield Waterworks Park Beach,07/06/2010 07:00:00,BEACHCCO,68583-22-2,Escherichia coli,Total,,52,MPN/100ml,True,10,,,9223-B,BEA002,Actual,SW,Water,,,Jefferson,07080107,Lake,,41.019452,-91.955309
6,21510001,Fairfield Waterworks Park Beach,08/09/2010 09:00:00,BEACHCCO,68583-22-2,Escherichia coli,Total,,10,MPN/100ml,True,10,,,9223-B,BEA002,Actual,SW,Water,,,Jefferson,07080107,Lake,,41.019452,-91.955309
6,21510001,Fairfield Waterworks Park Beach,08/23/2010 13:15:00,BEACHCCO,68583-22-2,Escherichia coli,Total,,20,MPN/100ml,True,10,,,9223-B,BEA002,Actual,SW,Water,,,Jefferson,07080107,Lake,,41.019452,-91.955309
6,21510001,Fairfield Waterworks Park Beach,05/22/2012 10:00:00,BEACHCCO,68583-22-2,Escherichia coli,Total,,10,MPN/100ml,False,10,,,9223-B,BEA002,Actual,SW,Water,,,Jefferson,07080107,Lake,,41.019452,-91.955309
6,21510001,Fairfield Waterworks Park Beach,05/22/2012 10:00:00,BEACHCCO,TOT-COL,Total Coliform,Total,,700,MPN/100ml,True,10,,,9223-B,BEA002,Actual,SW,Water,,,Jefferson,07080107,Lake,,41.019452,-91.955309
6,21510001,Fairfield Waterworks Park Beach,05/29/2012 08:30:00,BEACHCCO,68583-22-2,Escherichia coli,Total,,10,MPN/100ml,True,10,,,9223-B,BEA002,Actual,SW,Water,,,Jefferson,07080107,Lake,,41.019452,-91.955309
6,21510001,Fairfield Waterworks Park Beach,05/29/2012 08:30:00,BEACHCCO,TOT-COL,Total Coliform,Total,,1200,MPN/100ml,True,10,,,9223-B,BEA002,Actual,SW,Water,,,Jefferson,07080107,Lake,,41.019452,-91.955309
6,21510001,Fairfield Waterworks Park Beach,06/04/2012 09:30:00,BEACHCCO,68583-22-2,Escherichia coli,Total,,10,MPN/100ml,True,10,,,9223-B,BEA002,Actual,SW,Water,,,Jefferson,07080107,Lake,,41.019452,-91.955309
6,21510001,Fairfield Waterworks Park Beach,06/04/2012 09:30:00,BEACHCCO,TOT-COL,Total Coliform,Total,,1700,MPN/100ml,True,10,,,9223-B,BEA002,Actual,SW,Water,,,Jefferson,07080107,Lake,,41.019452,-91.955309
6,21510001,Fairfield Waterworks Park Beach,06/20/2011 10:45:00,BEACHCCO,68583-22-2,Escherichia coli,Total,,20,MPN/100ml,True,10,,,9223-B,BEA002,Actual,SW,Water,,,Jefferson,07080107,Lake,,41.019452,-91.955309
6,21510001,Fairfield Waterworks Park Beach,06/20/2011 10:45:00,BEACHCCO,TOT-COL,Total Coliform,Total,,12000,MPN/100ml,True,10,,,9223-B,BEA002,Actual,SW,Water,,,Jefferson,07080107,Lake,,41.019452,-91.955309
6,21510001,Fairfield Waterworks Park Beach,06/28/2011 08:30:00,BEACHCCO,68583-22-2,Escherichia coli,Total,,220,MPN/100ml,True,10,,,9223-B,BEA002,Actual,SW,Water,,,Jefferson,07080107,Lake,,41.019452,-91.955309
6,21510001,Fairfield Waterworks Park Beach,06/28/2011 08:30:00,BEACHCCO,TOT-COL,Total Coliform,Total,,3400,MPN/100ml,True,10,,,9223-B,BEA002,Actual,SW,Water,,,Jefferson,07080107,Lake,,41.019452,-91.955309
6,21510001,Fairfield Waterworks Park Beach,07/05/2011 09:00:00,BEACHCCO,68583-22-2,Escherichia coli,Total,,10,MPN/100ml,False,10,,,9223-B,BEA002,Actual,SW,Water,,,Jefferson,07080107,Lake,,41.019452,-91.955309
6,21510001,Fairfield Waterworks Park Beach,07/05/2011 09:00:00,BEACHCCO,TOT-COL,Total Coliform,Total,,3900,MPN/100ml,True,10,,,9223-B,BEA002,Actual,SW,Water,,,Jefferson,07080107,Lake,,41.019452,-91.955309
6,21510001,Fairfield Waterworks Park Beach,07/12/2011 08:30:00,BEACHCCO,68583-22-2,Escherichia coli,Total,,41,MPN/100ml,True,10,,,9223-B,BEA002,Actual,SW,Water,,,Jefferson,07080107,Lake,,41.019452,-91.955309
6,21510001,Fairfield Waterworks Park Beach,07/12/2011 08:30:00,BEACHCCO,TOT-COL,Total Coliform,Total,,1900,MPN/100ml,True,10,,,9223-B,BEA002,Actual,SW,Water,,,Jefferson,07080107,Lake,,41.019452,-91.955309
6,21510001,Fairfield Waterworks Park Beach,07/19/2011 08:30:00,BEACHCCO,68583-22-2,Escherichia coli,Total,,10,MPN/100ml,True,10,,,9223-B,BEA002,Actual,SW,Water,,,Jefferson,07080107,Lake,,41.019452,-91.955309
6,21510001,Fairfield Waterworks Park Beach,07/19/2011 08:30:00,BEACHCCO,TOT-COL,Total Coliform,Total,,2900,MPN/100ml,True,10,,,9223-B,BEA002,Actual,SW,Water,,,Jefferson,07080107,Lake,,41.019452,-91.955309
6,21510001,Fairfield Waterworks Park Beach,07/25/2011 08:30:00,BEACHCCO,68583-22-2,Escherichia coli,Total,,10,MPN/100ml,False,10,,,9223-B,BEA002,Actual,SW,Water,,,Jefferson,07080107,Lake,,41.019452,-91.955309
6,21510001,Fairfield Waterworks Park Beach,07/25/2011 08:30:00,BEACHCCO,TOT-COL,Total Coliform,Total,,1900,MPN/100ml,True,10,,,9223-B,BEA002,Actual,SW,Water,,,Jefferson,07080107,Lake,,41.019452,-91.955309
6,21510001,Fairfield Waterworks Park Beach,08/01/2011 08:30:00,BEACHCCO,68583-22-2,Escherichia coli,Total,,10,MPN/100ml,False,10,,,9223-B,BEA002,Actual,SW,Water,,,Jefferson,07080107,Lake,,41.019452,-91.955309
6,21510001,Fairfield Waterworks Park Beach,08/01/2011 08:30:00,BEACHCCO,TOT-COL,Total Coliform,Total,,4900,MPN/100ml,True,10,,,9223-B,BEA002,Actual,SW,Water,,,Jefferson,07080107,Lake,,41.019452,-91.955309
6,21510001,Fairfield Waterworks Park Beach,08/01/2011 08:30:00,BEACHCCO,77238-39-2,Microcystin,Total,,0.12,ug/l,True,0.1,,,TOT MICROCYSTIN,BEA002,Actual,SW,Water,,,Jefferson,07080107,Lake,,41.019452,-91.955309
6,21510001,Fairfield Waterworks Park Beach,08/08/2011 08:30:00,BEACHCCO,68583-22-2,Escherichia coli,Total,,10,MPN/100ml,False,10,,,9223-B,BEA002,Actual,SW,Water,,,Jefferson,07080107,Lake,,41.019452,-91.955309
6,21510001,Fairfield Waterworks Park Beach,08/08/2011 08:30:00,BEACHCCO,TOT-COL,Total Coliform,Total,,1900,MPN/100ml,True,10,,,9223-B,BEA002,Actual,SW,Water,,,Jefferson,07080107,Lake,,41.019452,-91.955309
6,21510001,Fairfield Waterworks Park Beach,08/16/2011 08:30:00,BEACHCCO,68583-22-2,Escherichia coli,Total,,10,MPN/100ml,False,10,,,9223-B,BEA002,Actual,SW,Water,,,Jefferson,07080107,Lake,,41.019452,-91.955309
6,21510001,Fairfield Waterworks Park Beach,08/16/2011 08:30:00,BEACHCCO,TOT-COL,Total Coliform,Total,,1600,MPN/100ml,True,10,,,9223-B,BEA002,Actual,SW,Water,,,Jefferson,07080107,Lake,,41.019452,-91.955309
6,21510001,Fairfield Waterworks Park Beach,08/23/2011 09:00:00,BEACHCCO,68583-22-2,Escherichia coli,Total,,10,MPN/100ml,False,10,,,9223-B,BEA002,Actual,SW,Water,,,Jefferson,07080107,Lake,,41.019452,-91.955309
6,21510001,Fairfield Waterworks Park Beach,08/23/2011 09:00:00,BEACHCCO,TOT-COL,Total Coliform,Total,,24000,MPN/100ml,True,24000,Present Above Quantification Limit,24000,9223-B,BEA002,Actual,SW,Water,,Result reported as  >24000,Jefferson,07080107,Lake,,41.019452,-91.955309
6,21510001,Fairfield Waterworks Park Beach,08/30/2011 08:30:00,BEACHCCO,68583-22-2,Escherichia coli,Total,,10,MPN/100ml,False,10,,,9223-B,BEA002,Actual,SW,Water,,,Jefferson,07080107,Lake,,41.019452,-91.955309
6,21510001,Fairfield Waterworks Park Beach,08/30/2011 08:30:00,BEACHCCO,TOT-COL,Total Coliform,Total,,7300,MPN/100ml,True,10,,,9223-B,BEA002,Actual,SW,Water,,,Jefferson,07080107,Lake,,41.019452,-91.955309
6,21510001,Fairfield Waterworks Park Beach,06/10/2013 08:30:00,BEACHCCO,68583-22-2,Escherichia coli,Total,,10,MPN/100ml,False,10,,,9223-B,BEA002,Actual,SW,Water,,,Jefferson,07080107,Lake,,41.019452,-91.955309
6,21510001,Fairfield Waterworks Park Beach,06/10/2013 08:30:00,BEACHCCO,TOT-COL,Total Coliform,Total,,930,MPN/100ml,True,10,,,9223-B,BEA002,Actual,SW,Water,,,Jefferson,07080107,Lake,,41.019452,-91.955309
6,21510001,Fairfield Waterworks Park Beach,06/24/2013 08:30:00,BEACHCCO,68583-22-2,Escherichia coli,Total,,31,MPN/100ml,True,10,,,9223-B,BEA002,Actual,SW,Water,,,Jefferson,07080107,Lake,,41.019452,-91.955309
6,21510001,Fairfield Waterworks Park Beach,06/24/2013 08:30:00,BEACHCCO,TOT-COL,Total Coliform,Total,,2600,MPN/100ml,True,10,,,9223-B,BEA002,Actual,SW,Water,,,Jefferson,07080107,Lake,,41.019452,-91.955309
6,21510001,Fairfield Waterworks Park Beach,07/01/2013 09:30:00,BEACHCCO,68583-22-2,Escherichia coli,Total,,10,MPN/100ml,False,10,,,9223-B,BEA002,Actual,SW,Water,,,Jefferson,07080107,Lake,,41.019452,-91.955309
6,21510001,Fairfield Waterworks Park Beach,07/01/2013 09:30:00,BEACHCCO,TOT-COL,Total Coliform,Total,,1900,MPN/100ml,True,10,,,9223-B,BEA002,Actual,SW,Water,,,Jefferson,07080107,Lake,,41.019452,-91.955309
6,21510001,Fairfield Waterworks Park Beach,07/08/2013 08:30:00,BEACHCCO,68583-22-2,Escherichia coli,Total,,10,MPN/100ml,False,10,,,9223-B,BEA002,Actual,SW,Water,,,Jefferson,07080107,Lake,,41.019452,-91.955309
6,21510001,Fairfield Waterworks Park Beach,07/08/2013 08:30:00,BEACHCCO,TOT-COL,Total Coliform,Total,,2600,MPN/100ml,True,10,,,9223-B,BEA002,Actual,SW,Water,,,Jefferson,07080107,Lake,,41.019452,-91.955309
6,21510001,Fairfield Waterworks Park Beach,07/15/2013 09:00:00,BEACHCCO,68583-22-2,Escherichia coli,Total,,10,MPN/100ml,True,10,,,9223-B,BEA002,Actual,SW,Water,,,Jefferson,07080107,Lake,,41.019452,-91.955309
6,21510001,Fairfield Waterworks Park Beach,07/15/2013 09:00:00,BEACHCCO,TOT-COL,Total Coliform,Total,,880,MPN/100ml,True,10,,,9223-B,BEA002,Actual,SW,Water,,,Jefferson,07080107,Lake,,41.019452,-91.955309
6,21510001,Fairfield Waterworks Park Beach,07/22/2013 08:00:00,BEACHCCO,68583-22-2,Escherichia coli,Total,,20,MPN/100ml,True,10,,,9223-B,BEA002,Actual,SW,Water,,,Jefferson,07080107,Lake,,41.019452,-91.955309
6,21510001,Fairfield Waterworks Park Beach,07/22/2013 08:00:00,BEACHCCO,TOT-COL,Total Coliform,Total,,6900,MPN/100ml,True,10,,,9223-B,BEA002,Actual,SW,Water,,,Jefferson,07080107,Lake,,41.019452,-91.955309
6,21510001,Fairfield Waterworks Park Beach,07/29/2013 08:30:00,BEACHCCO,68583-22-2,Escherichia coli,Total,,10,MPN/100ml,False,10,,,9223-B,BEA002,Actual,SW,Water,,,Jefferson,07080107,Lake,,41.019452,-91.955309
6,21510001,Fairfield Waterworks Park Beach,07/29/2013 08:30:00,BEACHCCO,TOT-COL,Total Coliform,Total,,700,MPN/100ml,True,10,,,9223-B,BEA002,Actual,SW,Water,,,Jefferson,07080107,Lake,,41.019452,-91.955309
6,21510001,Fairfield Waterworks Park Beach,08/05/2013 08:00:00,BEACHCCO,68583-22-2,Escherichia coli,Total,,10,MPN/100ml,True,10,,,9223-B,BEA002,Actual,SW,Water,,,Jefferson,07080107,Lake,,41.019452,-91.955309
6,21510001,Fairfield Waterworks Park Beach,08/05/2013 08:00:00,BEACHCCO,TOT-COL,Total Coliform,Total,,1900,MPN/100ml,True,10,,,9223-B,BEA002,Actual,SW,Water,,,Jefferson,07080107,Lake,,41.019452,-91.955309
6,21510001,Fairfield Waterworks Park Beach,08/12/2013 09:00:00,BEACHCCO,68583-22-2,Escherichia coli,Total,,10,MPN/100ml,False,10,,,9223-B,BEA002,Actual,SW,Water,,,Jefferson,07080107,Lake,,41.019452,-91.955309
6,21510001,Fairfield Waterworks Park Beach,08/12/2013 09:00:00,BEACHCCO,TOT-COL,Total Coliform,Total,,3100,MPN/100ml,True,10,,,9223-B,BEA002,Actual,SW,Water,,,Jefferson,07080107,Lake,,41.019452,-91.955309
6,21510001,Fairfield Waterworks Park Beach,08/19/2013 08:30:00,BEACHCCO,68583-22-2,Escherichia coli,Total,,10,MPN/100ml,False,10,,,9223-B,BEA002,Actual,SW,Water,,,Jefferson,07080107,Lake,,41.019452,-91.955309
6,21510001,Fairfield Waterworks Park Beach,08/19/2013 08:30:00,BEACHCCO,TOT-COL,Total Coliform,Total,,6500,MPN/100ml,True,10,,,9223-B,BEA002,Actual,SW,Water,,,Jefferson,07080107,Lake,,41.019452,-91.955309
6,21510001,Fairfield Waterworks Park Beach,08/26/2013 08:30:00,BEACHCCO,68583-22-2,Escherichia coli,Total,,10,MPN/100ml,False,10,,,9223-B,BEA002,Actual,SW,Water,,,Jefferson,07080107,Lake,,41.019452,-91.955309
6,21510001,Fairfield Waterworks Park Beach,08/26/2013 08:30:00,BEACHCCO,TOT-COL,Total Coliform,Total,,3700,MPN/100ml,True,10,,,9223-B,BEA002,Actual,SW,Water,,,Jefferson,07080107,Lake,,41.019452,-91.955309
6,21510001,Fairfield Waterworks Park Beach,06/13/2011 08:30:00,BEACHCCO,68583-22-2,Escherichia coli,Total,,10,MPN/100ml,False,10,,,9223-B,BEA002,Actual,SW,Water,,,Jefferson,07080107,Lake,,41.019452,-91.955309
6,21510001,Fairfield Waterworks Park Beach,06/13/2011 08:30:00,BEACHCCO,TOT-COL,Total Coliform,Total,,1200,MPN/100ml,True,10,,,9223-B,BEA002,Actual,SW,Water,,,Jefferson,07080107,Lake,,41.019452,-91.955309
6,21510001,Fairfield Waterworks Park Beach,08/02/2004 11:30:00,BEACHCCO,68583-22-2,Escherichia coli,Total,,10,MPN/100ml,False,10,,,1603,BEA002,Actual,SW,Water,,,Jefferson,07080107,Lake,,41.019452,-91.955309
6,21510001,Fairfield Waterworks Park Beach,08/16/2004 11:00:00,BEACHCCO,68583-22-2,Escherichia coli,Total,,10,MPN/100ml,False,10,,,1603,BEA002,Actual,SW,Water,,,Jefferson,07080107,Lake,,41.019452,-91.955309
6,21510001,Fairfield Waterworks Park Beach,09/07/2004 10:00:00,BEACHCCO,68583-22-2,Escherichia coli,Total,,30,MPN/100ml,True,10,,,1603,BEA002,Actual,SW,Water,,,Jefferson,07080107,Lake,,41.019452,-91.955309
6,21510001,Fairfield Waterworks Park Beach,09/13/2004 10:30:00,BEACHCCO,68583-22-2,Escherichia coli,Total,,10,MPN/100ml,False,10,,,1603,BEA002,Actual,SW,Water,,,Jefferson,07080107,Lake,,41.019452,-91.955309
6,21510001,Fairfield Waterworks Park Beach,09/19/2004 12:30:00,BEACHCCO,68583-22-2,Escherichia coli,Total,,10,MPN/100ml,False,10,,,1603,BEA002,Actual,SW,Water,,,Jefferson,07080107,Lake,,41.019452,-91.955309
6,21510001,Fairfield Waterworks Park Beach,05/31/2005 10:30:00,BEACHCCO,68583-22-2,Escherichia coli,Total,,10,MPN/100ml,False,10,,,1603,BEA002,Actual,SW,Water,,,Jefferson,07080107,Lake,,41.019452,-91.955309
6,21510001,Fairfield Waterworks Park Beach,06/14/2005 10:30:00,BEACHCCO,68583-22-2,Escherichia coli,Total,,10,MPN/100ml,False,10,,,1603,BEA002,Actual,SW,Water,,,Jefferson,07080107,Lake,,41.019452,-91.955309
6,21510001,Fairfield Waterworks Park Beach,06/27/2005 09:30:00,BEACHCCO,68583-22-2,Escherichia coli,Total,,10,MPN/100ml,True,10,,,1603,BEA002,Actual,SW,Water,,,Jefferson,07080107,Lake,,41.019452,-91.955309
6,21510001,Fairfield Waterworks Park Beach,07/05/2005 09:30:00,BEACHCCO,68583-22-2,Escherichia coli,Total,,10,MPN/100ml,False,10,,,1603,BEA002,Actual,SW,Water,,,Jefferson,07080107,Lake,,41.019452,-91.955309
6,21510001,Fairfield Waterworks Park Beach,07/11/2005 10:00:00,BEACHCCO,68583-22-2,Escherichia coli,Total,,10,MPN/100ml,False,10,,,1603,BEA002,Actual,SW,Water,,,Jefferson,07080107,Lake,,41.019452,-91.955309
6,21510001,Fairfield Waterworks Park Beach,07/19/2005 08:30:00,BEACHCCO,68583-22-2,Escherichia coli,Total,,10,MPN/100ml,False,10,,,1603,BEA002,Actual,SW,Water,,,Jefferson,07080107,Lake,,41.019452,-91.955309
6,21510001,Fairfield Waterworks Park Beach,07/26/2005 09:00:00,BEACHCCO,68583-22-2,Escherichia coli,Total,,10,MPN/100ml,False,10,,,1603,BEA002,Actual,SW,Water,,,Jefferson,07080107,Lake,,41.019452,-91.955309
6,21510001,Fairfield Waterworks Park Beach,06/20/2007 08:00:00,BEACHCCO,68583-22-2,Escherichia coli,Total,,10,MPN/100ml,False,10,,,1603,BEA002,Actual,SW,Water,,,Jefferson,07080107,Lake,,41.019452,-91.955309
6,21510001,Fairfield Waterworks Park Beach,06/25/2007 10:30:00,BEACHCCO,68583-22-2,Escherichia coli,Total,,150,MPN/100ml,True,10,,,1603,BEA002,Actual,SW,Water,,,Jefferson,07080107,Lake,,41.019452,-91.955309
6,21510001,Fairfield Waterworks Park Beach,08/15/2005 09:30:00,BEACHCCO,68583-22-2,Escherichia coli,Total,,10,MPN/100ml,False,10,,,1603,BEA002,Actual,SW,Water,,,Jefferson,07080107,Lake,,41.019452,-91.955309
6,21510001,Fairfield Waterworks Park Beach,08/22/2005 08:30:00,BEACHCCO,68583-22-2,Escherichia coli,Total,,10,MPN/100ml,False,10,,,1603,BEA002,Actual,SW,Water,,,Jefferson,07080107,Lake,,41.019452,-91.955309
6,21510001,Fairfield Waterworks Park Beach,07/02/2007 09:45:00,BEACHCCO,68583-22-2,Escherichia coli,Total,,10,MPN/100ml,False,10,,,1603,BEA002,Actual,SW,Water,,,Jefferson,07080107,Lake,,41.019452,-91.955309
6,21510001,Fairfield Waterworks Park Beach,09/06/2005 08:30:00,BEACHCCO,68583-22-2,Escherichia coli,Total,,10,MPN/100ml,True,10,,,1603,BEA002,Actual,SW,Water,,,Jefferson,07080107,Lake,,41.019452,-91.955309
6,21510001,Fairfield Waterworks Park Beach,06/23/2008 09:00:00,BEACHCCO,68583-22-2,Escherichia coli,Total,,10,MPN/100ml,True,10,,,9223-B,BEA002,Actual,SW,Water,,,Jefferson,07080107,Lake,,41.019452,-91.955309
6,21510001,Fairfield Waterworks Park Beach,07/21/2008 09:00:00,BEACHCCO,68583-22-2,Escherichia coli,Total,,10,MPN/100ml,False,10,,,9223-B,BEA002,Actual,SW,Water,,,Jefferson,07080107,Lake,,41.019452,-91.955309
6,21510001,Fairfield Waterworks Park Beach,08/04/2008 10:30:00,BEACHCCO,68583-22-2,Escherichia coli,Total,,10,MPN/100ml,False,10,,,9223-B,BEA002,Actual,SW,Water,,,Jefferson,07080107,Lake,,41.019452,-91.955309
6,21510001,Fairfield Waterworks Park Beach,08/11/2008 10:30:00,BEACHCCO,68583-22-2,Escherichia coli,Total,,10,MPN/100ml,False,10,,,9223-B,BEA002,Actual,SW,Water,,,Jefferson,07080107,Lake,,41.019452,-91.955309
6,21510001,Fairfield Waterworks Park Beach,08/25/2008 08:30:00,BEACHCCO,68583-22-2,Escherichia coli,Total,,10,MPN/100ml,False,10,,,9223-B,BEA002,Actual,SW,Water,,,Jefferson,07080107,Lake,,41.019452,-91.955309
6,21510001,Fairfield Waterworks Park Beach,06/02/2009 09:00:00,BEACHCCO,68583-22-2,Escherichia coli,Total,,10,MPN/100ml,False,10,,,9223-B,BEA002,Actual,SW,Water,,,Jefferson,07080107,Lake,,41.019452,-91.955309
6,21510001,Fairfield Waterworks Park Beach,06/07/2009 10:00:00,BEACHCCO,68583-22-2,Escherichia coli,Total,,380,MPN/100ml,True,10,,,9223-B,BEA002,Actual,SW,Water,,,Jefferson,07080107,Lake,,41.019452,-91.955309
6,21510001,Fairfield Waterworks Park Beach,06/15/2009 09:00:00,BEACHCCO,68583-22-2,Escherichia coli,Total,,10,MPN/100ml,False,10,,,9223-B,BEA002,Actual,SW,Water,,,Jefferson,07080107,Lake,,41.019452,-91.955309
6,21510001,Fairfield Waterworks Park Beach,06/22/2009 09:00:00,BEACHCCO,68583-22-2,Escherichia coli,Total,,180,MPN/100ml,True,10,,,9223-B,BEA002,Actual,SW,Water,,,Jefferson,07080107,Lake,,41.019452,-91.955309
6,21510001,Fairfield Waterworks Park Beach,07/20/2009 09:15:00,BEACHCCO,68583-22-2,Escherichia coli,Total,,10,MPN/100ml,True,10,,,9223-B,BEA002,Actual,SW,Water,,,Jefferson,07080107,Lake,,41.019452,-91.955309
6,21510001,Fairfield Waterworks Park Beach,08/03/2009 08:30:00,BEACHCCO,68583-22-2,Escherichia coli,Total,,20,MPN/100ml,True,10,,,9223-B,BEA002,Actual,SW,Water,,,Jefferson,07080107,Lake,,41.019452,-91.955309
6,21510001,Fairfield Waterworks Park Beach,08/10/2009 09:25:00,BEACHCCO,68583-22-2,Escherichia coli,Total,,10,MPN/100ml,False,10,,,9223-B,BEA002,Actual,SW,Water,,,Jefferson,07080107,Lake,,41.019452,-91.955309
6,21510001,Fairfield Waterworks Park Beach,08/24/2009 08:32:00,BEACHCCO,68583-22-2,Escherichia coli,Total,,75,MPN/100ml,True,10,,,9223-B,BEA002,Actual,SW,Water,,,Jefferson,07080107,Lake,,41.019452,-91.955309
6,16510001,Cedar Creek - Stockport # 176,07/27/2005 13:00:00,REMAP,7782-44-7,Dissolved oxygen (DO),Total,,7.7,mg/l,True,0.1,,,Unknown,,Actual,SW,Water,,,Jefferson,07080107,River/Stream,,40.9103,-91.820715
6,16510001,Cedar Creek - Stockport # 176,07/27/2005 13:00:00,REMAP,TEMP-WATER,"Temperature, water",Total,,23.5,deg C,True,0,,,Unknown,,Actual,SW,Water,,,Jefferson,07080107,River/Stream,,40.9103,-91.820715
6,16510001,Cedar Creek - Stockport # 176,07/27/2005 13:00:00,REMAP,FLOW,Flow,Total,,40,cfs,True,0.1,,,USGS CA8,,Actual,SW,Water,,,Jefferson,07080107,River/Stream,,40.9103,-91.820715
6,16510001,Cedar Creek - Stockport # 176,07/27/2005 13:00:00,REMAP,PH,pH,Total,,8.2,None,True,,,,4500-H,,Actual,SW,Water,,,Jefferson,07080107,River/Stream,,40.9103,-91.820715
6,16510001,Cedar Creek - Stockport # 176,07/27/2005 13:00:00,REMAP,TDS,Total dissolved solids,Dissolved,,600,mg/l,True,1,,,160.1,UHL001,Actual,SW,Water,,,Jefferson,07080107,River/Stream,,40.9103,-91.820715
6,16510001,Cedar Creek - Stockport # 176,07/27/2005 13:00:00,REMAP,NIT-KJELD,Kjeldahl nitrogen (AS N),Total,,1.3,mg/l,True,0.1,,,351.2,UHL001,Actual,SW,Water,,,Jefferson,07080107,River/Stream,,40.9103,-91.820715
6,16510001,Cedar Creek - Stockport # 176,07/27/2005 13:00:00,REMAP,PHOSP-PHOSP,Phosphate-phosphorus (as P),Total,,0.73,mg/l,True,0.05,,,365.4,UHL001,Actual,SW,Water,,,Jefferson,07080107,River/Stream,,40.9103,-91.820715
6,16510001,Cedar Creek - Stockport # 176,07/27/2005 13:00:00,REMAP,16887-00-6,Chloride,Total,,66,mg/l,True,1,,,300(A),UHL001,Actual,SW,Water,,,Jefferson,07080107,River/Stream,,40.9103,-91.820715
6,16510001,Cedar Creek - Stockport # 176,07/27/2005 13:00:00,REMAP,NIT-AMM,Ammonia-nitrogen (as N),Total,,0.16,mg/l,True,0.05,,,350.1,UHL001,Actual,SW,Water,,,Jefferson,07080107,River/Stream,,40.9103,-91.820715
6,21510001,Fairfield Waterworks Park Beach,06/14/2010 09:00:00,BEACHCCO,68583-22-2,Escherichia coli,Total,,400,MPN/100ml,True,10,,,9223-B,BEA002,Actual,SW,Water,,,Jefferson,07080107,Lake,,41.019452,-91.955309
6,21510001,Fairfield Waterworks Park Beach,06/28/2010 08:30:00,BEACHCCO,68583-22-2,Escherichia coli,Total,,10,MPN/100ml,False,10,,,9223-B,BEA002,Actual,SW,Water,,,Jefferson,07080107,Lake,,41.019452,-91.955309
6,21510001,Fairfield Waterworks Park Beach,07/12/2010 09:00:00,BEACHCCO,68583-22-2,Escherichia coli,Total,,10,MPN/100ml,False,10,,,9223-B,BEA002,Actual,SW,Water,,,Jefferson,07080107,Lake,,41.019452,-91.955309
6,21510001,Fairfield Waterworks Park Beach,07/26/2010 08:30:00,BEACHCCO,68583-22-2,Escherichia coli,Total,,10,MPN/100ml,False,10,,,9223-B,BEA002,Actual,SW,Water,,,Jefferson,07080107,Lake,,41.019452,-91.955309
6,21510001,Fairfield Waterworks Park Beach,08/02/2010 09:45:00,BEACHCCO,68583-22-2,Escherichia coli,Total,,41,MPN/100ml,True,10,,,9223-B,BEA002,Actual,SW,Water,,,Jefferson,07080107,Lake,,41.019452,-91.955309
6,21510001,Fairfield Waterworks Park Beach,08/16/2010 09:00:00,BEACHCCO,68583-22-2,Escherichia coli,Total,,10,MPN/100ml,False,10,,,9223-B,BEA002,Actual,SW,Water,,,Jefferson,07080107,Lake,,41.019452,-91.955309
6,21510001,Fairfield Waterworks Park Beach,08/30/2010 09:30:00,BEACHCCO,68583-22-2,Escherichia coli,Total,,10,MPN/100ml,False,10,,,9223-B,BEA002,Actual,SW,Water,,,Jefferson,07080107,Lake,,41.019452,-91.955309
6,21510001,Fairfield Waterworks Park Beach,06/11/2012 08:00:00,BEACHCCO,68583-22-2,Escherichia coli,Total,,10,MPN/100ml,True,10,,,9223-B,BEA002,Actual,SW,Water,,,Jefferson,07080107,Lake,,41.019452,-91.955309
6,21510001,Fairfield Waterworks Park Beach,06/11/2012 08:00:00,BEACHCCO,TOT-COL,Total Coliform,Total,,1500,MPN/100ml,True,10,,,9223-B,BEA002,Actual,SW,Water,,,Jefferson,07080107,Lake,,41.019452,-91.955309
6,21510001,Fairfield Waterworks Park Beach,06/18/2012 09:00:00,BEACHCCO,68583-22-2,Escherichia coli,Total,,75,MPN/100ml,True,10,,,9223-B,BEA002,Actual,SW,Water,,,Jefferson,07080107,Lake,,41.019452,-91.955309
6,21510001,Fairfield Waterworks Park Beach,06/18/2012 09:00:00,BEACHCCO,TOT-COL,Total Coliform,Total,,2000,MPN/100ml,True,10,,,9223-B,BEA002,Actual,SW,Water,,,Jefferson,07080107,Lake,,41.019452,-91.955309
6,21510001,Fairfield Waterworks Park Beach,06/25/2012 10:15:00,BEACHCCO,68583-22-2,Escherichia coli,Total,,10,MPN/100ml,True,10,,,9223-B,BEA002,Actual,SW,Water,,,Jefferson,07080107,Lake,,41.019452,-91.955309
6,21510001,Fairfield Waterworks Park Beach,06/25/2012 10:15:00,BEACHCCO,TOT-COL,Total Coliform,Total,,960,MPN/100ml,True,10,,,9223-B,BEA002,Actual,SW,Water,,,Jefferson,07080107,Lake,,41.019452,-91.955309
6,21510001,Fairfield Waterworks Park Beach,07/02/2012 13:00:00,BEACHCCO,68583-22-2,Escherichia coli,Total,,10,MPN/100ml,False,10,,,9223-B,BEA002,Actual,SW,Water,,,Jefferson,07080107,Lake,,41.019452,-91.955309
6,21510001,Fairfield Waterworks Park Beach,07/02/2012 13:00:00,BEACHCCO,TOT-COL,Total Coliform,Total,,680,MPN/100ml,True,10,,,9223-B,BEA002,Actual,SW,Water,,,Jefferson,07080107,Lake,,41.019452,-91.955309
6,21510001,Fairfield Waterworks Park Beach,07/09/2012 09:00:00,BEACHCCO,68583-22-2,Escherichia coli,Total,,10,MPN/100ml,False,10,,,9223-B,BEA002,Actual,SW,Water,,,Jefferson,07080107,Lake,,41.019452,-91.955309
6,21510001,Fairfield Waterworks Park Beach,07/09/2012 09:00:00,BEACHCCO,TOT-COL,Total Coliform,Total,,3300,MPN/100ml,True,10,,,9223-B,BEA002,Actual,SW,Water,,,Jefferson,07080107,Lake,,41.019452,-91.955309
6,21510001,Fairfield Waterworks Park Beach,07/31/2012 09:30:00,BEACHCCO,68583-22-2,Escherichia coli,Total,,10,MPN/100ml,False,10,,,9223-B,BEA002,Actual,SW,Water,,,Jefferson,07080107,Lake,,41.019452,-91.955309
6,21510001,Fairfield Waterworks Park Beach,07/31/2012 09:30:00,BEACHCCO,TOT-COL,Total Coliform,Total,,1700,MPN/100ml,True,10,,,9223-B,BEA002,Actual,SW,Water,,,Jefferson,07080107,Lake,,41.019452,-91.955309
6,21510001,Fairfield Waterworks Park Beach,08/06/2012 07:00:00,BEACHCCO,68583-22-2,Escherichia coli,Total,,10,MPN/100ml,False,10,,,9223-B,BEA002,Actual,SW,Water,,,Jefferson,07080107,Lake,,41.019452,-91.955309
6,21510001,Fairfield Waterworks Park Beach,08/06/2012 07:00:00,BEACHCCO,TOT-COL,Total Coliform,Total,,1200,MPN/100ml,True,10,,,9223-B,BEA002,Actual,SW,Water,,,Jefferson,07080107,Lake,,41.019452,-91.955309
6,21510001,Fairfield Waterworks Park Beach,08/13/2012 10:30:00,BEACHCCO,68583-22-2,Escherichia coli,Total,,10,MPN/100ml,False,10,,,9223-B,BEA002,Actual,SW,Water,,,Jefferson,07080107,Lake,,41.019452,-91.955309
6,21510001,Fairfield Waterworks Park Beach,08/13/2012 10:30:00,BEACHCCO,TOT-COL,Total Coliform,Total,,770,MPN/100ml,True,10,,,9223-B,BEA002,Actual,SW,Water,,,Jefferson,07080107,Lake,,41.019452,-91.955309
6,21510001,Fairfield Waterworks Park Beach,08/20/2012 08:30:00,BEACHCCO,68583-22-2,Escherichia coli,Total,,10,MPN/100ml,False,10,,,9223-B,BEA002,Actual,SW,Water,,,Jefferson,07080107,Lake,,41.019452,-91.955309
6,21510001,Fairfield Waterworks Park Beach,08/20/2012 08:30:00,BEACHCCO,TOT-COL,Total Coliform,Total,,2200,MPN/100ml,True,10,,,9223-B,BEA002,Actual,SW,Water,,,Jefferson,07080107,Lake,,41.019452,-91.955309
6,21510001,Fairfield Waterworks Park Beach,06/18/2013 08:00:00,BEACHCCO,68583-22-2,Escherichia coli,Total,,10,MPN/100ml,False,10,,,9223-B,BEA002,Actual,SW,Water,,,Jefferson,07080107,Lake,,41.019452,-91.955309
6,21510001,Fairfield Waterworks Park Beach,06/18/2013 08:00:00,BEACHCCO,TOT-COL,Total Coliform,Total,,2200,MPN/100ml,True,10,,,9223-B,BEA002,Actual,SW,Water,,,Jefferson,07080107,Lake,,41.019452,-91.955309
6,21510001,Fairfield Waterworks Park Beach,08/31/2009 09:00:00,BEACHCCO,68583-22-2,Escherichia coli,Total,,10,MPN/100ml,False,10,,,9223-B,BEA002,Actual,SW,Water,,,Jefferson,07080107,Lake,,41.019452,-91.955309
6,21510001,Fairfield Waterworks Park Beach,07/23/2007 09:00:00,BEACHCCO,68583-22-2,Escherichia coli,Total,,10,MPN/100ml,False,10,,,1603,BEA002,Actual,SW,Water,,,Jefferson,07080107,Lake,,41.019452,-91.955309
6,21510001,Fairfield Waterworks Park Beach,08/06/2007 08:30:00,BEACHCCO,68583-22-2,Escherichia coli,Total,,10,MPN/100ml,False,10,,,1603,BEA002,Actual,SW,Water,,,Jefferson,07080107,Lake,,41.019452,-91.955309
6,21510001,Fairfield Waterworks Park Beach,08/13/2007 08:00:00,BEACHCCO,68583-22-2,Escherichia coli,Total,,10,MPN/100ml,False,10,,,1603,BEA002,Actual,SW,Water,,,Jefferson,07080107,Lake,,41.019452,-91.955309
6,21510001,Fairfield Waterworks Park Beach,06/26/2006 06:45:00,BEACHCCO,68583-22-2,Escherichia coli,Total,,20,MPN/100ml,True,10,,,1603,BEA002,Actual,SW,Water,,,Jefferson,07080107,Lake,,41.019452,-91.955309
6,21510001,Fairfield Waterworks Park Beach,07/17/2006 09:00:00,BEACHCCO,68583-22-2,Escherichia coli,Total,,40,MPN/100ml,True,10,,,1603,BEA002,Actual,SW,Water,,,Jefferson,07080107,Lake,,41.019452,-91.955309
6,21510001,Fairfield Waterworks Park Beach,07/24/2006 09:00:00,BEACHCCO,68583-22-2,Escherichia coli,Total,,10,MPN/100ml,True,10,,,1603,BEA002,Actual,SW,Water,,,Jefferson,07080107,Lake,,41.019452,-91.955309
6,21510001,Fairfield Waterworks Park Beach,08/07/2006 08:45:00,BEACHCCO,68583-22-2,Escherichia coli,Total,,10,MPN/100ml,False,10,,,1603,BEA002,Actual,SW,Water,,,Jefferson,07080107,Lake,,41.019452,-91.955309
6,21510001,Fairfield Waterworks Park Beach,08/21/2006 08:30:00,BEACHCCO,68583-22-2,Escherichia coli,Total,,10,MPN/100ml,False,10,,,1603,BEA002,Actual,SW,Water,,,Jefferson,07080107,Lake,,41.019452,-91.955309
6,21510001,Fairfield Waterworks Park Beach,09/05/2006 09:00:00,BEACHCCO,68583-22-2,Escherichia coli,Total,,10,MPN/100ml,False,10,,,1603,BEA002,Actual,SW,Water,,,Jefferson,07080107,Lake,,41.019452,-91.955309
6,14000057,North Walnut Creek - Pleasant Plain,08/14/2015 08:30:00,AMBBIO,TEMP-WATER,"Temperature, water",Total,,22.1,deg C,True,,,,2550,,Actual,SW,Water,,,Jefferson,07080107,River/Stream,,41.127365,-91.918014
6,14000057,North Walnut Creek - Pleasant Plain,08/14/2015 08:30:00,AMBBIO,PH,pH,Total,,7.7,None,True,,,,4500-H,,Actual,SW,Water,,,Jefferson,07080107,River/Stream,,41.127365,-91.918014
6,14000057,North Walnut Creek - Pleasant Plain,08/14/2015 08:30:00,AMBBIO,7782-44-7,Dissolved oxygen (DO),Total,,7.4,mg/l,True,,,,D888(C),,Actual,SW,Water,,,Jefferson,07080107,River/Stream,,41.127365,-91.918014
6,14000057,North Walnut Creek - Pleasant Plain,08/14/2015 08:30:00,AMBBIO,FLOW,Flow,Total,,0.7,cfs,True,,,,USGS CA8,,Actual,SW,Water,,,Jefferson,07080107,River/Stream,,41.127365,-91.918014
6,14000057,North Walnut Creek - Pleasant Plain,08/14/2015 08:30:00,AMBBIO,TVSS,Volatile Suspended Solids,NonFilt,,2,mg/l,True,1,,,160.4,UHL001,Actual,SW,Water,,,Jefferson,07080107,River/Stream,,41.127365,-91.918014
6,14000057,North Walnut Creek - Pleasant Plain,08/14/2015 08:30:00,AMBBIO,7440-42-8,Boron,Total,,0.05,mg/l,False,0.05,,,200.7(W),UHL001,Actual,SW,Water,,,Jefferson,07080107,River/Stream,,41.127365,-91.918014
6,14000057,North Walnut Creek - Pleasant Plain,08/14/2015 08:30:00,AMBBIO,7439-95-4,Magnesium,Total,,24,mg/l,True,0.5,,,200.7(W),UHL001,Actual,SW,Water,,,Jefferson,07080107,River/Stream,,41.127365,-91.918014
6,14000057,North Walnut Creek - Pleasant Plain,08/14/2015 08:30:00,AMBBIO,7440-09-7,Potassium,Total,,2.2,mg/l,True,1,,,200.7(W),UHL001,Actual,SW,Water,,,Jefferson,07080107,River/Stream,,41.127365,-91.918014
6,14000057,North Walnut Creek - Pleasant Plain,08/14/2015 08:30:00,AMBBIO,7440-23-5,Sodium,Total,,12,mg/l,True,0.5,,,200.7(W),UHL001,Actual,SW,Water,,,Jefferson,07080107,River/Stream,,41.127365,-91.918014
6,14000057,North Walnut Creek - Pleasant Plain,08/14/2015 08:30:00,AMBBIO,7440-70-2,Calcium,Total,,61,mg/l,True,1,,,200.7(W),UHL001,Actual,SW,Water,,,Jefferson,07080107,River/Stream,,41.127365,-91.918014
6,14000057,North Walnut Creek - Pleasant Plain,08/14/2015 08:30:00,AMBBIO,TURB,Turbidity,Total,,6.3,NTU,True,1.0,,,2130-B,UHL001,Actual,SW,Water,,,Jefferson,07080107,River/Stream,,41.127365,-91.918014
6,14000057,North Walnut Creek - Pleasant Plain,08/14/2015 08:30:00,AMBBIO,HARD-CARB,"Hardness, carbonate",Total,,240,mg/l,True,1,,,2340C,UHL001,Actual,SW,Water,,,Jefferson,07080107,River/Stream,,41.127365,-91.918014
6,14000057,North Walnut Creek - Pleasant Plain,08/14/2015 08:30:00,AMBBIO,TDS,Total dissolved solids,Dissolved,,310,mg/l,True,1,,,2540-C,UHL001,Actual,SW,Water,,,Jefferson,07080107,River/Stream,,41.127365,-91.918014
6,14000057,North Walnut Creek - Pleasant Plain,08/14/2015 08:30:00,AMBBIO,14808-79-8,Sulfate (AS SO4),Total,,28,mg/l,True,1,,,300.0,UHL001,Actual,SW,Water,,,Jefferson,07080107,River/Stream,,41.127365,-91.918014
6,14000057,North Walnut Creek - Pleasant Plain,08/14/2015 08:30:00,AMBBIO,16887-00-6,Chloride,Total,,23,mg/l,True,1,,,300.0,UHL001,Actual,SW,Water,,,Jefferson,07080107,River/Stream,,41.127365,-91.918014
6,14000057,North Walnut Creek - Pleasant Plain,08/14/2015 08:30:00,AMBBIO,24959-67-9,Bromide,Total,,0.1,mg/l,False,0.1,,,300.0,UHL001,Actual,SW,Water,,,Jefferson,07080107,River/Stream,,41.127365,-91.918014
6,14000057,North Walnut Creek - Pleasant Plain,08/14/2015 08:30:00,AMBBIO,CLR-A-FREE,"Chlorophyll a, free of pheophytin",NonFilt,,7,ug/l,True,1,,,445,UHL001,Actual,SW,Water,,,Jefferson,07080107,River/Stream,,41.127365,-91.918014
6,14000057,North Walnut Creek - Pleasant Plain,08/14/2015 08:30:00,AMBBIO,14265-44-2,Orthophosphate (AS P),Dissolved,,0.06,mg/l,True,0.02,,,4500-P-E,UHL001,Actual,SW,Water,,,Jefferson,07080107,River/Stream,,41.127365,-91.918014
6,14000057,North Walnut Creek - Pleasant Plain,08/14/2015 08:30:00,AMBBIO,CBOD-SC,"Carbonaceous biochemical oxygen demand, standard conditions",Total,,2,mg/l,False,2,,,5210-B,UHL001,Actual,SW,Water,,,Jefferson,07080107,River/Stream,,41.127365,-91.918014
6,14000057,North Walnut Creek - Pleasant Plain,08/14/2015 08:30:00,AMBBIO,TSS,Total suspended solids,NonFilt,,9,mg/l,True,1,,,I3765,UHL001,Actual,SW,Water,,,Jefferson,07080107,River/Stream,,41.127365,-91.918014
6,14000057,North Walnut Creek - Pleasant Plain,08/14/2015 08:30:00,AMBBIO,NIT-NO3-NO2,Inorganic nitrogen (nitrate and nitrite) (AS N),Total,,5.7,mg/l,True,0.1,,,LAC10-107-04-1J,UHL001,Actual,SW,Water,,,Jefferson,07080107,River/Stream,,41.127365,-91.918014
6,14000057,North Walnut Creek - Pleasant Plain,08/14/2015 08:30:00,AMBBIO,NIT-AMM,Ammonia-nitrogen (AS N),Total,,0.05,mg/l,False,0.05,,,LAC10-107-06-1J,UHL001,Actual,SW,Water,,,Jefferson,07080107,River/Stream,,41.127365,-91.918014
6,14000057,North Walnut Creek - Pleasant Plain,08/14/2015 08:30:00,AMBBIO,NIT-KJELD,Kjeldahl nitrogen (AS N),Total,,0.1,mg/l,False,0.1,,,LAC10-107-06-2E,UHL001,Actual,SW,Water,,,Jefferson,07080107,River/Stream,,41.127365,-91.918014
6,14000057,North Walnut Creek - Pleasant Plain,08/14/2015 08:30:00,AMBBIO,PHOSP-PHOSP,Phosphate-phosphorus (AS P),Total,,0.16,mg/l,True,0.02,,,LAC10-115-01-1D,UHL001,Actual,SW,Water,,,Jefferson,07080107,River/Stream,,41.127365,-91.918014
6,14000057,North Walnut Creek - Pleasant Plain,08/14/2015 08:45:00,AMBBIO,CLR-A-FREE,"Chlorophyll a, free of pheophytin",NonFilt,,5.1,ug/cm2,True,0.1,,,445,AMBBIO-COARSEPERI,Actual,BOTM,Water,,,Jefferson,07080107,River/Stream,,41.127365,-91.918014
6,14000057,North Walnut Creek - Pleasant Plain,08/14/2015 08:50:00,AMBBIO,CLR-A-FREE,"Chlorophyll a, free of pheophytin",NonFilt,,5.7,ug/cm2,True,0.1,,,445,AMBBIO-FINEPERI,Actual,BOTM,Water,,,Jefferson,07080107,River/Stream,,41.127365,-91.918014
6,16510001,Cedar Creek - Stockport # 176,07/20/2005 00:00:00,LEGACYREMAP,CLR-A-FREE,"Chlorophyll a, free of pheophytin",NonFilt,,5.3,ug/cm2,True,0.1,,,445,AMBBIO-FINEPERI,Actual,BOTM,Water,,,Jefferson,07080107,River/Stream,,40.9103,-91.820715
6,16510001,Cedar Creek - Stockport # 176,07/20/2005 00:00:00,LEGACYREMAP,CLR-A-FREE,"Chlorophyll a, free of pheophytin",NonFilt,,7.3,ug/cm2,True,0.1,,,445,AMBBIO-COARSEPERI,Actual,BOTM,Water,,,Jefferson,07080107,River/Stream,,40.9103,-91.820715
6,16510001,Cedar Creek - Stockport # 176,07/27/2005 00:00:00,LEGACYREMAP,CLR-A-FREE,"Chlorophyll a, free of pheophytin",NonFilt,,1.6,ug/cm2,True,0.1,,,445,AMBBIO-COARSEPERI,Actual,BOTM,Water,,,Jefferson,07080107,River/Stream,,40.9103,-91.820715
6,16510001,Cedar Creek - Stockport # 176,07/27/2005 00:00:00,LEGACYREMAP,CLR-A-FREE,"Chlorophyll a, free of pheophytin",NonFilt,,0.4,ug/cm2,True,0.1,,,445,AMBBIO-FINEPERI,Actual,BOTM,Water,,,Jefferson,07080107,River/Stream,,40.9103,-91.820715
6,16510001,Cedar Creek - Stockport # 176,07/20/2005 00:00:00,LEGACYREMAP,TURB,Turbidity,Total,,19,NTU,True,,,,180.1,,Actual,SW,Water,,,Jefferson,07080107,River/Stream,,40.9103,-91.820715
6,16510001,Cedar Creek - Stockport # 176,07/20/2005 00:00:00,LEGACYREMAP,TEMP-WATER,"Temperature, water",Total,,26.5,deg C,True,,,,2550,,Actual,SW,Water,,,Jefferson,07080107,River/Stream,,40.9103,-91.820715
6,16510001,Cedar Creek - Stockport # 176,07/20/2005 00:00:00,LEGACYREMAP,PH,pH,Total,,8.3,None,True,,,,4500-H,,Actual,SW,Water,,,Jefferson,07080107,River/Stream,,40.9103,-91.820715
6,16510001,Cedar Creek - Stockport # 176,07/20/2005 00:00:00,LEGACYREMAP,7782-44-7,Dissolved oxygen (DO),Total,,7.6,mg/l,True,,,,4500-O-G,,Actual,SW,Water,,,Jefferson,07080107,River/Stream,,40.9103,-91.820715
6,16510001,Cedar Creek - Stockport # 176,07/20/2005 00:00:00,LEGACYREMAP,FLOW,Flow,Total,,5.3,cfs,True,,,,USGS CA8,,Actual,SW,Water,,,Jefferson,07080107,River/Stream,,40.9103,-91.820715
6,16510001,Cedar Creek - Stockport # 176,07/20/2005 00:00:00,LEGACYREMAP,TVSS,Volatile Suspended Solids,NonFilt,,9,mg/l,True,1,,,160.4,UHL001,Actual,SW,Water,,,Jefferson,07080107,River/Stream,,40.9103,-91.820715
6,16510001,Cedar Creek - Stockport # 176,07/20/2005 00:00:00,LEGACYREMAP,7439-92-1,Lead,Dissolved,,10,ug/l,False,10,,,200.8(W),UHL001,Actual,SW,Water,,,Jefferson,07080107,River/Stream,,40.9103,-91.820715
6,16510001,Cedar Creek - Stockport # 176,07/20/2005 00:00:00,LEGACYREMAP,7439-97-6,Mercury,Dissolved,,5E-05,mg/l,False,0.00005,,,200.8(W),UHL001,Actual,SW,Water,,,Jefferson,07080107,River/Stream,,40.9103,-91.820715
6,16510001,Cedar Creek - Stockport # 176,07/20/2005 00:00:00,LEGACYREMAP,7440-02-0,Nickel,Dissolved,,50,ug/l,False,50,,,200.8(W),UHL001,Actual,SW,Water,,,Jefferson,07080107,River/Stream,,40.9103,-91.820715
6,16510001,Cedar Creek - Stockport # 176,07/20/2005 00:00:00,LEGACYREMAP,7440-22-4,Silver,Dissolved,,10,ug/l,False,10,,,200.8(W),UHL001,Actual,SW,Water,,,Jefferson,07080107,River/Stream,,40.9103,-91.820715
6,16510001,Cedar Creek - Stockport # 176,07/20/2005 00:00:00,LEGACYREMAP,7440-38-2,Arsenic,Dissolved,,10,ug/l,False,10,,,200.8(W),UHL001,Actual,SW,Water,,,Jefferson,07080107,River/Stream,,40.9103,-91.820715
6,16510001,Cedar Creek - Stockport # 176,07/20/2005 00:00:00,LEGACYREMAP,7440-43-9,Cadmium,Dissolved,,1,ug/l,False,1,,,200.8(W),UHL001,Actual,SW,Water,,,Jefferson,07080107,River/Stream,,40.9103,-91.820715
6,16510001,Cedar Creek - Stockport # 176,07/20/2005 00:00:00,LEGACYREMAP,7440-47-3,Chromium,Dissolved,,20,ug/l,False,20,,,200.8(W),UHL001,Actual,SW,Water,,,Jefferson,07080107,River/Stream,,40.9103,-91.820715
6,16510001,Cedar Creek - Stockport # 176,07/20/2005 00:00:00,LEGACYREMAP,7440-50-8,Copper,Dissolved,,10,ug/l,False,10,,,200.8(W),UHL001,Actual,SW,Water,,,Jefferson,07080107,River/Stream,,40.9103,-91.820715
6,16510001,Cedar Creek - Stockport # 176,07/20/2005 00:00:00,LEGACYREMAP,7440-66-6,Zinc,Dissolved,,20,ug/l,False,20,,,200.8(W),UHL001,Actual,SW,Water,,,Jefferson,07080107,River/Stream,,40.9103,-91.820715
6,16510001,Cedar Creek - Stockport # 176,07/20/2005 00:00:00,LEGACYREMAP,7782-49-2,Selenium,Dissolved,,10,ug/l,False,10,,,200.8(W),UHL001,Actual,SW,Water,,,Jefferson,07080107,River/Stream,,40.9103,-91.820715
6,16510001,Cedar Creek - Stockport # 176,07/20/2005 00:00:00,LEGACYREMAP,TDS,Total dissolved solids,Dissolved,,480,mg/l,True,1,,,2540-C,UHL001,Actual,SW,Water,,,Jefferson,07080107,River/Stream,,40.9103,-91.820715
6,16510001,Cedar Creek - Stockport # 176,07/20/2005 00:00:00,LEGACYREMAP,16887-00-6,Chloride,Total,,41,mg/l,True,1,,,300.0,UHL001,Actual,SW,Water,,,Jefferson,07080107,River/Stream,,40.9103,-91.820715
6,16510001,Cedar Creek - Stockport # 176,07/20/2005 00:00:00,LEGACYREMAP,NIT-AMM,Ammonia-nitrogen (AS N),Total,,0.05,mg/l,False,0.05,,,350.1,UHL001,Actual,SW,Water,,,Jefferson,07080107,River/Stream,,40.9103,-91.820715
6,16510001,Cedar Creek - Stockport # 176,07/20/2005 00:00:00,LEGACYREMAP,NIT-KJELD,Kjeldahl nitrogen (AS N),Total,,1,mg/l,True,0.1,,,351.2,UHL001,Actual,SW,Water,,,Jefferson,07080107,River/Stream,,40.9103,-91.820715
6,16510001,Cedar Creek - Stockport # 176,07/20/2005 00:00:00,LEGACYREMAP,NIT-NO3-NO2,Inorganic nitrogen (nitrate and nitrite) (AS N),Total,,0.23,mg/l,True,0.05,,,353.2,UHL001,Actual,SW,Water,,,Jefferson,07080107,River/Stream,,40.9103,-91.820715
6,16510001,Cedar Creek - Stockport # 176,07/20/2005 00:00:00,LEGACYREMAP,CLR-A-FREE,"Chlorophyll a, free of pheophytin",NonFilt,,51,ug/l,True,1,,,445,UHL001,Actual,SW,Water,,,Jefferson,07080107,River/Stream,,40.9103,-91.820715
6,16510001,Cedar Creek - Stockport # 176,07/20/2005 00:00:00,LEGACYREMAP,14265-44-2,Orthophosphate (AS P),Dissolved,,0.17,mg/l,True,0.02,,,4500-P-E,UHL001,Actual,SW,Water,,,Jefferson,07080107,River/Stream,,40.9103,-91.820715
6,16510001,Cedar Creek - Stockport # 176,07/20/2005 00:00:00,LEGACYREMAP,7631-86-9,Silica,Dissolved,,7.7,mg/l,True,1,,,4500-SI(D),UHL001,Actual,SW,Water,,,Jefferson,07080107,River/Stream,,40.9103,-91.820715
6,16510001,Cedar Creek - Stockport # 176,07/20/2005 00:00:00,LEGACYREMAP,TSS,Total suspended solids,NonFilt,,29,mg/l,True,1,,,I3765,UHL001,Actual,SW,Water,,,Jefferson,07080107,River/Stream,,40.9103,-91.820715
6,16510001,Cedar Creek - Stockport # 176,07/20/2005 00:00:00,LEGACYREMAP,PHOSP-PHOSP,Phosphate-phosphorus (AS P),Total,,0.34,mg/l,True,0.02,,,LAC10-115-01-1C,UHL001,Actual,SW,Water,,,Jefferson,07080107,River/Stream,,40.9103,-91.820715
6,16510001,Cedar Creek - Stockport # 176,07/27/2005 00:00:00,LEGACYREMAP,PHOSP-PHOSP,Phosphate-phosphorus (AS P),Total,,0.7,mg/l,True,0.02,,,LAC10-115-01-1C,UHL001,Actual,SW,Water,,,Jefferson,07080107,River/Stream,,40.9103,-91.820715
6,21510001,Fairfield Waterworks Park Beach,08/05/2014 08:30:00,BEACHCCO,68583-22-2,Escherichia coli,Total,,260,MPN/100ml,True,10,,,9223-B,BEA002,Actual,SW,Water,,,Jefferson,07080107,Lake,,41.019452,-91.955309
6,21510001,Fairfield Waterworks Park Beach,08/11/2014 08:45:00,BEACHCCO,68583-22-2,Escherichia coli,Total,,10,MPN/100ml,True,10,,,9223-B,BEA002,Actual,SW,Water,,,Jefferson,07080107,Lake,,41.019452,-91.955309
6,21510001,Fairfield Waterworks Park Beach,08/18/2014 09:00:00,BEACHCCO,68583-22-2,Escherichia coli,Total,,10,MPN/100ml,False,10,,,9223-B,BEA002,Actual,SW,Water,,,Jefferson,07080107,Lake,,41.019452,-91.955309
6,21510001,Fairfield Waterworks Park Beach,08/25/2014 09:15:00,BEACHCCO,68583-22-2,Escherichia coli,Total,,41,MPN/100ml,True,10,,,9223-B,BEA002,Actual,SW,Water,,,Jefferson,07080107,Lake,,41.019452,-91.955309
6,21510001,Fairfield Waterworks Park Beach,08/03/2015 09:00:00,BEACHCCO,68583-22-2,Escherichia coli,Total,,10,MPN/100ml,False,10,,,9223-B,BEA002,Actual,SW,Water,,,Jefferson,07080107,Lake,,41.019452,-91.955309
6,21510001,Fairfield Waterworks Park Beach,08/10/2015 10:30:00,BEACHCCO,68583-22-2,Escherichia coli,Total,,10,MPN/100ml,True,10,,,9223-B,BEA002,Actual,SW,Water,,,Jefferson,07080107,Lake,,41.019452,-91.955309
6,21510001,Fairfield Waterworks Park Beach,08/17/2015 09:15:00,BEACHCCO,68583-22-2,Escherichia coli,Total,,10,MPN/100ml,False,10,,,9223-B,BEA002,Actual,SW,Water,,,Jefferson,07080107,Lake,,41.019452,-91.955309
6,21510001,Fairfield Waterworks Park Beach,08/24/2015 09:45:00,BEACHCCO,68583-22-2,Escherichia coli,Total,,10,MPN/100ml,False,10,,,9223-B,BEA002,Actual,SW,Water,,,Jefferson,07080107,Lake,,41.019452,-91.955309
6,21510001,Fairfield Waterworks Park Beach,07/07/2014 09:00:00,BEACHCCO,68583-22-2,Escherichia coli,Total,,41,MPN/100ml,True,10,,,9223-B,BEA002,Actual,SW,Water,,,Jefferson,07080107,Lake,,41.019452,-91.955309
6,21510001,Fairfield Waterworks Park Beach,07/14/2014 09:30:00,BEACHCCO,68583-22-2,Escherichia coli,Total,,10,MPN/100ml,False,10,,,9223-B,BEA002,Actual,SW,Water,,,Jefferson,07080107,Lake,,41.019452,-91.955309
6,21510001,Fairfield Waterworks Park Beach,07/21/2014 11:00:00,BEACHCCO,68583-22-2,Escherichia coli,Total,,10,MPN/100ml,False,10,,,9223-B,BEA002,Actual,SW,Water,,,Jefferson,07080107,Lake,,41.019452,-91.955309
6,21510001,Fairfield Waterworks Park Beach,07/28/2014 08:30:00,BEACHCCO,68583-22-2,Escherichia coli,Total,,10,MPN/100ml,True,10,,,9223-B,BEA002,Actual,SW,Water,,,Jefferson,07080107,Lake,,41.019452,-91.955309
6,21510001,Fairfield Waterworks Park Beach,07/06/2015 10:00:00,BEACHCCO,68583-22-2,Escherichia coli,Total,,170,MPN/100ml,True,10,,,9223-B,BEA002,Actual,SW,Water,,,Jefferson,07080107,Lake,,41.019452,-91.955309
6,21510001,Fairfield Waterworks Park Beach,07/13/2015 09:35:00,BEACHCCO,68583-22-2,Escherichia coli,Total,,390,MPN/100ml,True,10,,,9223-B,BEA002,Actual,SW,Water,,,Jefferson,07080107,Lake,,41.019452,-91.955309
6,21510001,Fairfield Waterworks Park Beach,07/21/2015 08:00:00,BEACHCCO,68583-22-2,Escherichia coli,Total,,110,MPN/100ml,True,10,,,9223-B,BEA002,Actual,SW,Water,,,Jefferson,07080107,Lake,,41.019452,-91.955309
6,21510001,Fairfield Waterworks Park Beach,07/27/2015 10:00:00,BEACHCCO,68583-22-2,Escherichia coli,Total,,10,MPN/100ml,False,10,,,9223-B,BEA002,Actual,SW,Water,,,Jefferson,07080107,Lake,,41.019452,-91.955309
6,21510001,Fairfield Waterworks Park Beach,06/02/2014 10:30:00,BEACHCCO,68583-22-2,Escherichia coli,Total,,10,MPN/100ml,False,10,,,9223-B,BEA002,Actual,SW,Water,,,Jefferson,07080107,Lake,,41.019452,-91.955309
6,21510001,Fairfield Waterworks Park Beach,06/09/2014 11:45:00,BEACHCCO,68583-22-2,Escherichia coli,Total,,52,MPN/100ml,True,10,,,9223-B,BEA002,Actual,SW,Water,,,Jefferson,07080107,Lake,,41.019452,-91.955309
6,21510001,Fairfield Waterworks Park Beach,06/16/2014 11:00:00,BEACHCCO,68583-22-2,Escherichia coli,Total,,10,MPN/100ml,True,10,,,9223-B,BEA002,Actual,SW,Water,,,Jefferson,07080107,Lake,,41.019452,-91.955309
6,21510001,Fairfield Waterworks Park Beach,06/23/2014 09:15:00,BEACHCCO,68583-22-2,Escherichia coli,Total,,170,MPN/100ml,True,10,,,9223-B,BEA002,Actual,SW,Water,,,Jefferson,07080107,Lake,,41.019452,-91.955309
6,21510001,Fairfield Waterworks Park Beach,06/30/2014 09:00:00,BEACHCCO,68583-22-2,Escherichia coli,Total,,20,MPN/100ml,True,10,,,9223-B,BEA002,Actual,SW,Water,,,Jefferson,07080107,Lake,,41.019452,-91.955309
6,21510001,Fairfield Waterworks Park Beach,06/01/2015 09:00:00,BEACHCCO,68583-22-2,Escherichia coli,Total,,10,MPN/100ml,False,10,,,9223-B,BEA002,Actual,SW,Water,,,Jefferson,07080107,Lake,,41.019452,-91.955309
6,21510001,Fairfield Waterworks Park Beach,06/08/2015 09:00:00,BEACHCCO,68583-22-2,Escherichia coli,Total,,63,MPN/100ml,True,10,,,9223-B,BEA002,Actual,SW,Water,,,Jefferson,07080107,Lake,,41.019452,-91.955309
6,21510001,Fairfield Waterworks Park Beach,06/22/2015 09:00:00,BEACHCCO,68583-22-2,Escherichia coli,Total,,20,MPN/100ml,True,10,,,9223-B,BEA002,Actual,SW,Water,,,Jefferson,07080107,Lake,,41.019452,-91.955309
6,21510001,Fairfield Waterworks Park Beach,06/29/2015 09:00:00,BEACHCCO,68583-22-2,Escherichia coli,Total,,10,MPN/100ml,True,10,,,9223-B,BEA002,Actual,SW,Water,,,Jefferson,07080107,Lake,,41.019452,-91.955309
6,21510001,Fairfield Waterworks Park Beach,05/18/2015 09:00:00,BEACHCCO,68583-22-2,Escherichia coli,Total,,10,MPN/100ml,True,10,,,9223-B,BEA002,Actual,SW,Water,,,Jefferson,07080107,Lake,,41.019452,-91.955309
6,21510001,Fairfield Waterworks Park Beach,05/26/2015 09:00:00,BEACHCCO,68583-22-2,Escherichia coli,Total,,190,MPN/100ml,True,10,,,9223-B,BEA002,Actual,SW,Water,,,Jefferson,07080107,Lake,,41.019452,-91.955309
6,21510001,Fairfield Waterworks Park Beach,07/05/2016 07:45:00,BEACHCCO,68583-22-2,Escherichia coli,Total,,10,MPN/100ml,False,10,,,9223-B,BEA002,Actual,SW,Water,,,Jefferson,07080107,Lake,,41.019452,-91.955309
6,21510001,Fairfield Waterworks Park Beach,07/26/2016 09:00:00,BEACHCCO,68583-22-2,Escherichia coli,Total,,10,MPN/100ml,True,10,,,9223-B,BEA002,Actual,SW,Water,,,Jefferson,07080107,Lake,,41.019452,-91.955309
6,21510001,Fairfield Waterworks Park Beach,08/15/2016 13:00:00,BEACHCCO,68583-22-2,Escherichia coli,Total,,10,MPN/100ml,True,10,,,9223-B,BEA002,Actual,SW,Water,,,Jefferson,07080107,Lake,,41.019452,-91.955309
6,21510001,Fairfield Waterworks Park Beach,06/27/2016 08:00:00,BEACHCCO,68583-22-2,Escherichia coli,Total,,30,MPN/100ml,True,10,,,9223-B,BEA002,Actual,SW,Water,,,Jefferson,07080107,Lake,,41.019452,-91.955309
6,21510001,Fairfield Waterworks Park Beach,05/23/2016 09:00:00,BEACHCCO,68583-22-2,Escherichia coli,Total,,10,MPN/100ml,True,10,,,9223-B,BEA002,Actual,SW,Water,,,Jefferson,07080107,Lake,,41.019452,-91.955309
6,21510001,Fairfield Waterworks Park Beach,05/31/2016 09:30:00,BEACHCCO,68583-22-2,Escherichia coli,Total,,10,MPN/100ml,False,10,,,9223-B,BEA002,Actual,SW,Water,,,Jefferson,07080107,Lake,,41.019452,-91.955309
6,21510001,Fairfield Waterworks Park Beach,06/06/2016 09:15:00,BEACHCCO,68583-22-2,Escherichia coli,Total,,10,MPN/100ml,True,10,,,9223-B,BEA002,Actual,SW,Water,,,Jefferson,07080107,Lake,,41.019452,-91.955309
6,21510001,Fairfield Waterworks Park Beach,06/20/2016 09:00:00,BEACHCCO,68583-22-2,Escherichia coli,Total,,10,MPN/100ml,False,10,,,9223-B,BEA002,Actual,SW,Water,,,Jefferson,07080107,Lake,,41.019452,-91.955309
6,21510001,Fairfield Waterworks Park Beach,07/18/2016 08:30:00,BEACHCCO,68583-22-2,Escherichia coli,Total,,52,MPN/100ml,True,10,,,9223-B,BEA002,Actual,SW,Water,,,Jefferson,07080107,Lake,,41.019452,-91.955309
6,21510001,Fairfield Waterworks Park Beach,08/01/2016 09:00:00,BEACHCCO,68583-22-2,Escherichia coli,Total,,41,MPN/100ml,True,10,,,9223-B,BEA002,Actual,SW,Water,,,Jefferson,07080107,Lake,,41.019452,-91.955309
6,21510001,Fairfield Waterworks Park Beach,08/08/2016 09:00:00,BEACHCCO,68583-22-2,Escherichia coli,Total,,10,MPN/100ml,True,10,,,9223-B,BEA002,Actual,SW,Water,,,Jefferson,07080107,Lake,,41.019452,-91.955309
6,21510001,Fairfield Waterworks Park Beach,07/11/2016 08:30:00,BEACHCCO,68583-22-2,Escherichia coli,Total,,41,MPN/100ml,True,10,,,9223-B,BEA002,Actual,SW,Water,,"There was an error in sample collection date/time (e.g. missing, mismatched, postdated or incorrect).",Jefferson,07080107,Lake,,41.019452,-91.955309
6,21510001,Fairfield Waterworks Park Beach,06/13/2016 09:00:00,BEACHCCO,68583-22-2,Escherichia coli,Total,,20,MPN/100ml,True,10,,,9223-B,BEA002,Actual,SW,Water,,,Jefferson,07080107,Lake,,41.019452,-91.955309
6,21510001,Fairfield Waterworks Park Beach,08/22/2016 08:30:00,BEACHCCO,68583-22-2,Escherichia coli,Total,,20,MPN/100ml,True,10,,,9223-B,BEA002,Actual,SW,Water,,,Jefferson,07080107,Lake,,41.019452,-91.955309
6,21510001,Fairfield Waterworks Park Beach,05/23/2017 08:00:00,BEACHCCO,68583-22-2,Escherichia coli,Total,,10,MPN/100ml,True,10,,,9223-B,BEA002,Actual,SW,Water,,,Jefferson,07080107,Lake,,41.019452,-91.955309
6,21510001,Fairfield Waterworks Park Beach,05/30/2017 09:35:00,BEACHCCO,68583-22-2,Escherichia coli,Total,,10,MPN/100ml,False,10,,,9223-B,BEA002,Actual,SW,Water,,,Jefferson,07080107,Lake,,41.019452,-91.955309
6,21510001,Fairfield Waterworks Park Beach,06/05/2017 09:15:00,BEACHCCO,68583-22-2,Escherichia coli,Total,,10,MPN/100ml,True,10,,,9223-B,BEA002,Actual,SW,Water,,,Jefferson,07080107,Lake,,41.019452,-91.955309
6,21510001,Fairfield Waterworks Park Beach,06/12/2017 08:45:00,BEACHCCO,68583-22-2,Escherichia coli,Total,,10,MPN/100ml,False,10,,,9223-B,BEA002,Actual,SW,Water,,,Jefferson,07080107,Lake,,41.019452,-91.955309
6,21510001,Fairfield Waterworks Park Beach,06/19/2017 07:15:00,BEACHCCO,68583-22-2,Escherichia coli,Total,,10,MPN/100ml,True,10,,,9223-B,BEA002,Actual,SW,Water,,,Jefferson,07080107,Lake,,41.019452,-91.955309
6,21510001,Fairfield Waterworks Park Beach,06/26/2017 08:45:00,BEACHCCO,68583-22-2,Escherichia coli,Total,,41,MPN/100ml,True,10,,,9223-B,BEA002,Actual,SW,Water,,,Jefferson,07080107,Lake,,41.019452,-91.955309
6,21510001,Fairfield Waterworks Park Beach,07/05/2017 07:30:00,BEACHCCO,68583-22-2,Escherichia coli,Total,,10,MPN/100ml,False,10,,,9223-B,BEA002,Actual,SW,Water,,,Jefferson,07080107,Lake,,41.019452,-91.955309
6,21510001,Fairfield Waterworks Park Beach,07/11/2017 07:30:00,BEACHCCO,68583-22-2,Escherichia coli,Total,,30,MPN/100ml,True,10,,,9223-B,BEA002,Actual,SW,Water,,,Jefferson,07080107,Lake,,41.019452,-91.955309
6,21510001,Fairfield Waterworks Park Beach,07/17/2017 08:45:00,BEACHCCO,68583-22-2,Escherichia coli,Total,,31,MPN/100ml,True,10,,,9223-B,BEA002,Actual,SW,Water,,,Jefferson,07080107,Lake,,41.019452,-91.955309
6,21510001,Fairfield Waterworks Park Beach,07/24/2017 08:30:00,BEACHCCO,68583-22-2,Escherichia coli,Total,,10,MPN/100ml,False,10,,,9223-B,BEA002,Actual,SW,Water,,,Jefferson,07080107,Lake,,41.019452,-91.955309
6,21510001,Fairfield Waterworks Park Beach,07/31/2017 09:00:00,BEACHCCO,68583-22-2,Escherichia coli,Total,,10,MPN/100ml,False,10,,,9223-B,BEA002,Actual,SW,Water,,,Jefferson,07080107,Lake,,41.019452,-91.955309
6,21510001,Fairfield Waterworks Park Beach,08/08/2017 08:30:00,BEACHCCO,68583-22-2,Escherichia coli,Total,,10,MPN/100ml,False,10,,,9223-B,BEA002,Actual,SW,Water,,,Jefferson,07080107,Lake,,41.019452,-91.955309
6,21510001,Fairfield Waterworks Park Beach,08/14/2017 07:15:00,BEACHCCO,68583-22-2,Escherichia coli,Total,,10,MPN/100ml,False,10,,,9223-B,BEA002,Actual,SW,Water,,,Jefferson,07080107,Lake,,41.019452,-91.955309
6,21510001,Fairfield Waterworks Park Beach,08/21/2017 09:15:00,BEACHCCO,68583-22-2,Escherichia coli,Total,,10,MPN/100ml,False,10,,,9223-B,BEA002,Actual,SW,Water,,,Jefferson,07080107,Lake,,41.019452,-91.955309
6,21510001,Fairfield Waterworks Park Beach,08/28/2017 08:30:00,BEACHCCO,68583-22-2,Escherichia coli,Total,,10,MPN/100ml,False,10,,,9223-B,BEA002,Actual,SW,Water,,,Jefferson,07080107,Lake,,41.019452,-91.955309
6,21510001,Fairfield Waterworks Park Beach,05/21/2018 11:00:00,BEACHCCO,68583-22-2,Escherichia coli,Total,,10,MPN/100ml,False,10,,,9223-B,BEA002,Actual,SW,Water,,,Jefferson,07080107,Lake,,41.019452,-91.955309
6,21510001,Fairfield Waterworks Park Beach,05/29/2018 09:00:00,BEACHCCO,68583-22-2,Escherichia coli,Total,,10,MPN/100ml,True,10,,,9223-B,BEA002,Actual,SW,Water,,,Jefferson,07080107,Lake,,41.019452,-91.955309
6,21510001,Fairfield Waterworks Park Beach,06/04/2018 08:30:00,BEACHCCO,68583-22-2,Escherichia coli,Total,,10,MPN/100ml,False,10,,,9223-B,BEA002,Actual,SW,Water,,,Jefferson,07080107,Lake,,41.019452,-91.955309
6,21510001,Fairfield Waterworks Park Beach,06/12/2018 09:30:00,BEACHCCO,68583-22-2,Escherichia coli,Total,,10,MPN/100ml,False,10,,,9223-B,BEA002,Actual,SW,Water,,,Jefferson,07080107,Lake,,41.019452,-91.955309
6,21510001,Fairfield Waterworks Park Beach,06/18/2018 09:15:00,BEACHCCO,68583-22-2,Escherichia coli,Total,,10,MPN/100ml,True,10,,,9223-B,BEA002,Actual,SW,Water,,,Jefferson,07080107,Lake,,41.019452,-91.955309
6,21510001,Fairfield Waterworks Park Beach,06/25/2018 08:30:00,BEACHCCO,68583-22-2,Escherichia coli,Total,,10,MPN/100ml,False,10,,,9223-B,BEA002,Actual,SW,Water,,,Jefferson,07080107,Lake,,41.019452,-91.955309
6,21510001,Fairfield Waterworks Park Beach,07/09/2018 10:00:00,BEACHCCO,68583-22-2,Escherichia coli,Total,,20,MPN/100ml,True,10,,,9223-B,BEA002,Actual,SW,Water,,,Jefferson,07080107,Lake,,41.019452,-91.955309
6,21510001,Fairfield Waterworks Park Beach,07/16/2018 09:10:00,BEACHCCO,68583-22-2,Escherichia coli,Total,,470,MPN/100ml,True,10,,,9223-B,BEA002,Actual,SW,Water,,"There was an error in sample collection date/time (e.g. missing, mismatched, postdated or incorrect). Sample exceeded required temperature upon receipt.",Jefferson,07080107,Lake,,41.019452,-91.955309
6,21510001,Fairfield Waterworks Park Beach,07/23/2018 09:45:00,BEACHCCO,68583-22-2,Escherichia coli,Total,,10,MPN/100ml,False,10,,,9223-B,BEA002,Actual,SW,Water,,,Jefferson,07080107,Lake,,41.019452,-91.955309
6,21510001,Fairfield Waterworks Park Beach,08/06/2018 09:00:00,BEACHCCO,68583-22-2,Escherichia coli,Total,,10,MPN/100ml,False,10,,,9223-B,BEA002,Actual,SW,Water,,,Jefferson,07080107,Lake,,41.019452,-91.955309
6,21510001,Fairfield Waterworks Park Beach,08/14/2018 00:00:00,BEACHCCO,68583-22-2,Escherichia coli,Total,,10,MPN/100ml,False,10,,,9223-B,BEA002,Actual,SW,Water,,,Jefferson,07080107,Lake,,41.019452,-91.955309
6,21510001,Fairfield Waterworks Park Beach,08/20/2018 09:00:00,BEACHCCO,68583-22-2,Escherichia coli,Total,,10,MPN/100ml,False,10,,,9223-B,BEA002,Actual,SW,Water,,,Jefferson,07080107,Lake,,41.019452,-91.955309
6,21510001,Fairfield Waterworks Park Beach,05/21/2019 08:30:00,BEACH,68583-22-2,Escherichia coli,Total,,75,MPN/100ml,True,10,,,9223-B,BEA002,Actual,SW,Water,,,Jefferson,07080107,Lake,,41.019452,-91.955309
6,21510001,Fairfield Waterworks Park Beach,05/28/2019 09:00:00,BEACH,68583-22-2,Escherichia coli,Total,,74,MPN/100ml,True,10,,,9223-B,BEA002,Actual,SW,Water,,,Jefferson,07080107,Lake,,41.019452,-91.955309
6,21510001,Fairfield Waterworks Park Beach,06/03/2019 07:30:00,BEACHCCO,68583-22-2,Escherichia coli,Total,,20,MPN/100ml,True,10,,,9223-B,BEA002,Actual,SW,Water,,,Jefferson,07080107,Lake,,41.019452,-91.955309
6,21510001,Fairfield Waterworks Park Beach,06/10/2019 09:00:00,BEACHCCO,68583-22-2,Escherichia coli,Total,,10,MPN/100ml,True,10,,,9223-B,BEA002,Actual,SW,Water,,,Jefferson,07080107,Lake,,41.019452,-91.955309
6,21510001,Fairfield Waterworks Park Beach,06/17/2019 07:00:00,BEACHCCO,68583-22-2,Escherichia coli,Total,,10,MPN/100ml,True,10,,,9223-B,BEA002,Actual,SW,Water,,,Jefferson,07080107,Lake,,41.019452,-91.955309
6,21510001,Fairfield Waterworks Park Beach,06/24/2019 08:30:00,BEACHCCO,68583-22-2,Escherichia coli,Total,,10,MPN/100ml,False,10,,,9223-B,BEA002,Actual,SW,Water,,,Jefferson,07080107,Lake,,41.019452,-91.955309
6,21510001,Fairfield Waterworks Park Beach,07/01/2019 11:00:00,BEACHCCO,68583-22-2,Escherichia coli,Total,,10,MPN/100ml,True,10,,,9223-B,BEA002,Actual,SW,Water,,,Jefferson,07080107,Lake,,41.019452,-91.955309
6,21510001,Fairfield Waterworks Park Beach,07/08/2019 08:30:00,BEACHCCO,68583-22-2,Escherichia coli,Total,,10,MPN/100ml,True,10,,,9223-B,BEA002,Actual,SW,Water,,,Jefferson,07080107,Lake,,41.019452,-91.955309
6,21510001,Fairfield Waterworks Park Beach,07/15/2019 09:00:00,BEACHCCO,68583-22-2,Escherichia coli,Total,,10,MPN/100ml,False,10,,,9223-B,BEA002,Actual,SW,Water,,,Jefferson,07080107,Lake,,41.019452,-91.955309
6,21510001,Fairfield Waterworks Park Beach,07/22/2019 07:30:00,BEACHCCO,68583-22-2,Escherichia coli,Total,,10,MPN/100ml,True,10,,,9223-B,BEA002,Actual,SW,Water,,,Jefferson,07080107,Lake,,41.019452,-91.955309
6,21510001,Fairfield Waterworks Park Beach,07/29/2019 08:30:00,BEACHCCO,68583-22-2,Escherichia coli,Total,,10,MPN/100ml,False,10,,,9223-B,BEA002,Actual,SW,Water,,,Jefferson,07080107,Lake,,41.019452,-91.955309
6,21510001,Fairfield Waterworks Park Beach,08/05/2019 09:00:00,BEACHCCO,68583-22-2,Escherichia coli,Total,,31,MPN/100ml,True,10,,,9223-B,BEA002,Actual,SW,Water,,"There was an error in sample collection date/time (e.g. missing, mismatched, postdated or incorrect).",Jefferson,07080107,Lake,,41.019452,-91.955309
6,21510001,Fairfield Waterworks Park Beach,08/13/2019 08:30:00,BEACHCCO,68583-22-2,Escherichia coli,Total,,10,MPN/100ml,False,10,,,9223-B,BEA002,Actual,SW,Water,,,Jefferson,07080107,Lake,,41.019452,-91.955309
6,21510001,Fairfield Waterworks Park Beach,08/27/2019 08:45:00,BEACHCCO,68583-22-2,Escherichia coli,Total,,10,MPN/100ml,False,10,,,9223-B,BEA002,Actual,SW,Water,,,Jefferson,07080107,Lake,,41.019452,-91.955309
6,21510001,Fairfield Waterworks Park Beach,05/18/2020 08:45:00,BEACHCCO,68583-22-2,Escherichia coli,Total,,10,MPN/100ml,False,10,,,9223-B,BEA002,Actual,SW,Water,,,Jefferson,07080107,Lake,,41.019452,-91.955309
6,21510001,Fairfield Waterworks Park Beach,05/26/2020 08:30:00,BEACHCCO,68583-22-2,Escherichia coli,Total,,10,MPN/100ml,False,10,,,9223-B,BEA002,Actual,SW,Water,,,Jefferson,07080107,Lake,,41.019452,-91.955309
6,21510001,Fairfield Waterworks Park Beach,06/01/2020 07:30:00,BEACHCCO,68583-22-2,Escherichia coli,Total,,10,MPN/100ml,False,10,,,9223-B,BEA002,Actual,SW,Water,,,Jefferson,07080107,Lake,,41.019452,-91.955309
6,21510001,Fairfield Waterworks Park Beach,06/08/2020 07:30:00,BEACHCCO,68583-22-2,Escherichia coli,Total,,10,MPN/100ml,False,10,,,9223-B,BEA002,Actual,SW,Water,,,Jefferson,07080107,Lake,,41.019452,-91.955309
6,21510001,Fairfield Waterworks Park Beach,06/15/2020 07:30:00,BEACHCCO,68583-22-2,Escherichia coli,Total,,10,MPN/100ml,True,10,,,9223-B,BEA002,Actual,SW,Water,,,Jefferson,07080107,Lake,,41.019452,-91.955309
6,21510001,Fairfield Waterworks Park Beach,06/22/2020 10:30:00,BEACHCCO,68583-22-2,Escherichia coli,Total,,310,MPN/100ml,True,10,,,9223-B,BEA002,Actual,SW,Water,,,Jefferson,07080107,Lake,,41.019452,-91.955309
6,21510001,Fairfield Waterworks Park Beach,06/29/2020 07:10:00,BEACHCCO,68583-22-2,Escherichia coli,Total,,10,MPN/100ml,True,10,,,9223-B,BEA002,Actual,SW,Water,,,Jefferson,07080107,Lake,,41.019452,-91.955309
6,21510001,Fairfield Waterworks Park Beach,07/07/2020 07:30:00,BEACHCCO,68583-22-2,Escherichia coli,Total,,20,MPN/100ml,True,10,,,9223-B,BEA002,Actual,SW,Water,,,Jefferson,07080107,Lake,,41.019452,-91.955309
6,21510001,Fairfield Waterworks Park Beach,07/13/2020 08:00:00,BEACHCCO,68583-22-2,Escherichia coli,Total,,10,MPN/100ml,False,10,,,9223-B,BEA002,Actual,SW,Water,,,Jefferson,07080107,Lake,,41.019452,-91.955309
6,21510001,Fairfield Waterworks Park Beach,07/20/2020 07:00:00,BEACHCCO,68583-22-2,Escherichia coli,Total,,10,MPN/100ml,False,10,,,9223-B,BEA002,Actual,SW,Water,,,Jefferson,07080107,Lake,,41.019452,-91.955309
6,21510001,Fairfield Waterworks Park Beach,07/28/2020 07:00:00,BEACHCCO,68583-22-2,Escherichia coli,Total,,10,MPN/100ml,False,10,,,9223-B,BEA002,Actual,SW,Water,,,Jefferson,07080107,Lake,,41.019452,-91.955309
6,21510001,Fairfield Waterworks Park Beach,08/03/2020 07:30:00,BEACHCCO,68583-22-2,Escherichia coli,Total,,10,MPN/100ml,True,10,,,9223-B,BEA002,Actual,SW,Water,,,Jefferson,07080107,Lake,,41.019452,-91.955309
6,21510001,Fairfield Waterworks Park Beach,08/10/2020 09:30:00,BEACHCCO,68583-22-2,Escherichia coli,Total,,20,MPN/100ml,True,10,,,9223-B,BEA002,Actual,SW,Water,,,Jefferson,07080107,Lake,,41.019452,-91.955309
6,21510001,Fairfield Waterworks Park Beach,08/18/2020 08:00:00,BEACHCCO,68583-22-2,Escherichia coli,Total,,31,MPN/100ml,True,10,,,9223-B,BEA002,Actual,SW,Water,,,Jefferson,07080107,Lake,,41.019452,-91.955309
6,21510001,Fairfield Waterworks Park Beach,08/24/2020 08:30:00,BEACHCCO,68583-22-2,Escherichia coli,Total,,10,MPN/100ml,False,10,,,9223-B,BEA002,Actual,SW,Water,,,Jefferson,07080107,Lake,,41.019452,-91.955309
